<?xml version="1.0" encoding="windows-1252"?>
<!--  This file conforms to the DTD xdc/bld/build.dtd -->
<package name="configPkg" version="" producerId="undefined">
    <units>
    </units>
    <sources>
        <srcFile name="package/cfg/led_button_pem3.c"/>
    </sources>
    <configscripts>
        <srcFile name="C:/Users/Josh/workspace_v7/LED_BUTTON_INTERRUPT_REV1_0/led_button.cfg"/>
    </configscripts>
    <makefiles>
        <srcFile name="package.mak" src="package.bld"/>
        <srcFile name="package/package.xdc.dep" src="package.xdc"/>
        <srcFile name="package/cfg/led_button_pem3.mak" src="package.bld"/>
        <srcFile name="package/cfg/led_button_pem3.oem3.dep" src="package/cfg/led_button_pem3.c"/>
        <srcFile name="package/cfg/led_button_pem3.dep" src="package/cfg/led_button_pem3.cfg"/>
        <srcFile name="package/cfg/led_button.xem3.mak" src="package.bld"/>
        <srcFile name="package/rel/configPkg.tar.dep" src="package/rel/configPkg.xdc.inc"/>
    </makefiles>
    <targets>
        <target name="ti.targets.arm.elf.M3"
            version="ti.targets.arm.elf.M3{1,0,16.9,6"
            rawVersion="16.9.6"
            platform="ti.platforms.simCM3"
            isa="v7M"
            suffix="em3"
            rootDir="C:/ti/ccsv7/tools/compiler/ti-cgt-arm_16.9.6.LTS"
            os="undefined"
            rts="ti.targets.arm.rtsarm">
            <model endian="little"
                codeModel="thumb2"
                dataModel="undefined"/>
        </target>
    </targets>
    <libraries>
    </libraries>
    <configurations>
    <configuration name="led_button"
        pname="led_button.pem3"
        target="ti.targets.arm.elf.M3"
        platform="ti.platforms.simplelink:CC2650F128"
        profile="release"
        isPartial="false"
        xCfgScript="package/cfg/led_button_pem3.cfg"
        xCfgPrefix="package/cfg/led_button_pem3"
        cfgScript="C:/Users/Josh/workspace_v7/LED_BUTTON_INTERRUPT_REV1_0/led_button.cfg"
        cfgArgs="null"
        />
    </configurations>
    <executables>
    <executable name="led_button"
        pname="led_button.xem3"
        target="ti.targets.arm.elf.M3"
        platform="ti.platforms.simplelink:CC2650F128"
        profile="release"
        xCfgScript="package/cfg/led_button_pem3.cfg"
        xCfgPrefix="package/cfg/led_button_pem3"
        cfgScript="C:/Users/Josh/workspace_v7/LED_BUTTON_INTERRUPT_REV1_0/led_button.cfg"
        cfgArgs="null"
        />
    </executables>
    <tests>
    <test exeName="led_button.xem3"
        args=""
        groupName="led_button.xem3"
        refOutput="undefined"
        refExitCode="0"
        execArgs=""
        />
    </tests>
    <releases relDir="package/rel/">
    <release name="configPkg"
        pname="configPkg.tar"
        label="default"
    >
        <file name="package/package.bld.xml"/>
        <file name="package/build.cfg"/>
        <file name="package/package.xdc.inc"/>
    </release>
    </releases>
    <repositories>
    </repositories>
</package>
